Day,Date,Priority,Stream,Task,Owner,Time Estimate (hours),Success Criteria,Blocker Escalation,Dependencies,Status
1,Sun Mar 30,P1,Digital Products,Select product category + niche (Notion/Canva templates?),COO,2,Niche locked + 3 product categories identified,Platform signup fails,Niche research complete,Ready
1,Sun Mar 30,P2,Print-on-Demand,Design niche selection + 10 concept brainstorm,COO,2,Niche locked + 10 design concepts documented,Design tool unavailable,Platform research complete,Ready
1,Sun Mar 30,P3,Affiliate Marketing,Content niche + domain research + first 3 article topics,COO,2,Domain purchased + niche locked + 3 article topics mapped,Domain registrar down,Niche research complete,Ready
2,Mon Mar 31,P1,Digital Products,Gumroad account setup + payment method verified + test upload,COO,1.5,Gumroad live + test product uploadable + payment confirmed,Payout method rejected,Account credentials saved,Ready
2,Mon Mar 31,P2,Print-on-Demand,Redbubble account setup + Merch by Amazon application,COO,1.5,Redbubble live + payment confirmed + Merch application submitted,Account verification failed,Account credentials saved,Ready
2,Mon Mar 31,P3,Affiliate Marketing,Email service (Beehiiv) + domain DNS setup + WordPress/Cloudflare setup,COO,3.5,Domain pointing to Cloudflare + email signup form live + lead magnets uploaded,DNS not resolving,Domain purchased from Day 1,Ready
3,Tue Apr 1,P1,Digital Products,First 2 templates drafted (copy + visuals),COO,3,2-3 templates drafted + reviewed + ready for upload,Design tool crashes,Niche locked + Canva/Notion access,Ready
3,Tue Apr 1,P2,Print-on-Demand,First 10 designs created + tagged with metadata,COO,3,8-10 design files (PNG 3000x3000) + metadata.csv + design quality acceptable,Canva/design tool unavailable,Niche locked + 10 concepts from Day 1,Ready
3,Tue Apr 1,P3,Affiliate Marketing,First article drafted + 2 article outlines + affiliate links mapped,COO,2,Article A fully drafted (2000+ words) + Articles B & C outlined + affiliate links tracked,Affiliate programs not accepting,Niche locked + 3 article topics from Day 1,Ready
4,Wed Apr 2,P1,Digital Products,Upload 3 templates to Gumroad + verify searchability,COO,2,3 templates live on Gumroad + discoverable via search + product pages complete,File format error on upload,3 templates drafted from Day 3,Ready
4,Wed Apr 2,P2,Print-on-Demand,Upload 5-8 designs to Redbubble + test searchability,COO,2,5+ designs live on Redbubble + discoverable via search + product pages complete,File format error,8-10 designs from Day 3,Ready
4,Wed Apr 2,P3,Affiliate Marketing,Publish Article A on Medium + WordPress + newsletter landing page live,COO,3,Article live on both platforms + landing page live + email signup form working,Medium publication fails,Article drafted from Day 3,Ready
5,Thu Apr 3,P1,Digital Products,Warm outreach email seeding (20 people),COO,3,20 warm emails sent + 1+ conversations started + >20 Gumroad visits from email source,Email bounce rate >5,Gumroad live + product URLs ready,Ready
5,Thu Apr 3,P2,Print-on-Demand,Design variations created + Reddit posts seeded,COO,2.5,5+ design variations created + posted to Reddit + >30 visits to Redbubble expected,Reddit account suspended,5-8 designs live from Day 4,Ready
5,Thu Apr 3,P3,Affiliate Marketing,Email list warm seeding + social media sharing (Twitter thread + Reddit),COO,2.5,>10 email signups + article shared on Twitter + Reddit + >20 article visits,Email signup form broken,Article A published from Day 4,Ready
6,Fri Apr 4,P1,Digital Products,Twitter thread creation + Reddit community engagement,COO,2,Twitter thread posted + 5+ engagement actions + >10 Gumroad visits from Twitter,Twitter rate limited,Gumroad products live,Ready
6,Fri Apr 4,P2,Print-on-Demand,Remaining designs batch upload + Pinterest seeding,COO,2.5,15+ total designs live on Redbubble + Pinterest board created + 5+ pins live + >30 visits by EOD,Pinterest account restricted,10 designs created,Ready
6,Fri Apr 4,P3,Affiliate Marketing,Article B publication + first newsletter drafted,COO,2.5,Article B live on Medium + WordPress + newsletter drafted + email list >15 subscribers,WordPress publishing fails,Article B drafted from Day 3,Ready
7,Sat Apr 5,COO,All Streams,Week 1 metrics dashboard + board standup section,COO + CFO,2,All metrics captured + standup written + ready for CEO review,Dashboards unavailable,All platforms live with metrics,Ready
7,Sat Apr 5,CEO,All Streams,Week 1 board review + Week 2 decision,CEO,1,Board review complete + Week 2 priorities locked + decision documented,CEO unavailable,COO standup submitted,Ready
7,Sat Apr 5,COO,All Streams,Week 2 planning + priority decision implementation,COO,1,Week 2 priorities confirmed + effort allocation decided + ready for Week 2 execution,CEO delayed decision,Board review complete,Ready
,,TOTAL WEEK 1,All,All,All,48 hours,>50 total visits + 1+ customer conversation + all platforms live + email list >5,See escalation matrix,All daily dependencies,Ready
